ID_Petak,Landscape,Zone
0,MNO,48S
1,MNO,48S
2,MNO,48S
3,MNO,48S
4,MNO,48S
5,MNO,48S
6,MNO,48S
7,MNO,48S
8,MNO,48S
9,MNO,48S
10,MNO,48S
11,MNO,48S
12,MNO,48S
13,MNO,48S
14,MNO,48S
15,MNO,48S
16,MNO,48S
17,MNO,48S
18,MNO,48S
19,MNO,48S
20,MNO,48S
21,MNO,48S
22,MNO,48S
23,MNO,48S
24,MNO,48S
25,MNO,48S
26,MNO,48S
27,MNO,48S
28,MNO,48S
29,MNO,48S
30,MNO,48S
31,MNO,48S
32,MNO,48S
33,MNO,48S
34,MNO,48S
35,MNO,48S
36,MNO,48S
37,MNO,48S
38,MNO,48S
39,MNO,48S
40,MNO,48S
41,MNO,48S
42,MNO,48S
43,MNO,48S
44,MNO,48S
45,MNO,48S
46,MNO,48S
47,MNO,48S
48,MNO,48S
49,MNO,48S
50,MNO,48S
51,MNO,48S
52,MNO,48S
53,MNO,48S
54,MNO,48S
55,MNO,48S
56,MNO,48S
57,MNO,48S
58,MNO,48S
59,MNO,48S
60,MNO,48S
61,MNO,48S
62,MNO,48S
63,MNO,48S
64,MNO,48S
65,MNO,48S
66,MNO,48S
67,MNO,48S
68,MNO,48S
69,MNO,48S
70,MNO,48S
71,MNO,48S
72,MNO,48S
73,MNO,48S
74,MNO,48S
75,MNO,48S
76,MNO,48S
77,MNO,48S
78,MNO,48S
79,MNO,48S
80,MNO,48S
81,MNO,48S
82,MNO,48S
83,MNO,48S
84,MNO,48S
85,MNO,48S
86,MNO,48S
87,MNO,48S
88,MNO,48S
89,MNO,48S
90,MNO,48S
91,MNO,48S
92,MNO,48S
93,MNO,48S
94,MNO,48S
95,MNO,48S
96,MNO,48S
97,MNO,48S
98,MNO,48S
99,MNO,48S
100,MNO,48S
101,MNO,48S
102,MNO,48S
103,MNO,48S
104,MNO,48S
105,MNO,48S
106,MNO,48S
107,MNO,48S
108,MNO,48S
109,MNO,48S
110,MNO,48S
111,MNO,48S
112,MNO,48S
113,MNO,48S
114,MNO,48S
115,MNO,48S
116,MNO,48S
117,MNO,48S
118,MNO,48S
119,MNO,48S
120,MNO,48S
121,MNO,48S
122,MNO,48S
123,MNO,48S
124,MNO,48S
125,MNO,48S
126,MNO,48S
127,MNO,48S
128,MNO,48S
129,MNO,48S
130,MNO,48S
131,MNO,48S
132,MNO,48S
133,MNO,48S
134,MNO,48S
135,MNO,48S
136,MNO,48S
137,MNO,48S
138,MNO,48S
139,MNO,48S
140,MNO,48S
141,MNO,48S
142,MNO,48S
143,MNO,48S
144,MNO,48S
145,MNO,48S
146,MNO,48S
147,MNO,48S
148,MNO,48S
149,MNO,48S
150,MNO,48S
151,MNO,48S
152,MNO,48S
153,MNO,48S
154,MNO,48S
155,MNO,48S
156,MNO,48S
157,MNO,48S
158,MNO,48S
159,MNO,48S
160,MNO,48S
161,MNO,48S
162,MNO,48S
163,MNO,48S
164,MNO,48S
165,MNO,48S
166,MNO,48S
167,MNO,48S
168,MNO,48S
169,MNO,48S
170,MNO,48S
171,MNO,48S
172,MNO,48S
173,MNO,48S
174,MNO,48S
175,MNO,48S
176,MNO,48S
177,MNO,48S
178,MNO,48S
179,MNO,48S
180,MNO,48S
181,MNO,48S
182,MNO,48S
183,MNO,48S
184,MNO,48S
185,MNO,48S
186,MNO,48S
187,MNO,48S
188,MNO,48S
189,MNO,48S
190,MNO,48S
191,MNO,48S
192,MNO,48S
193,MNO,48S
194,MNO,48S
195,MNO,48S
196,MNO,48S
197,MNO,48S
198,MNO,48S
199,MNO,48S
200,MNO,48S
201,MNO,48S
202,MNO,48S
203,MNO,48S
204,MNO,48S
205,MNO,48S
206,MNO,48S
207,MNO,48S
208,MNO,48S
209,MNO,48S
210,MNO,48S
211,MNO,48S
212,MNO,48S
213,MNO,48S
214,MNO,48S
215,MNO,48S
216,MNO,48S
217,MNO,48S
218,MNO,48S
219,MNO,48S
220,MNO,48S
221,MNO,48S
222,MNO,48S
223,MNO,48S
224,MNO,48S
225,MNO,48S
226,MNO,48S
227,MNO,48S
228,MNO,48S
229,MNO,48S
230,MNO,48S
231,MNO,48S
232,MNO,48S
233,MNO,48S
234,MNO,48S
235,MNO,48S
236,MNO,48S
237,MNO,48S
238,MNO,48S
239,MNO,48S
240,MNO,48S
241,MNO,48S
242,MNO,48S
243,MNO,48S
244,MNO,48S
245,MNO,48S
246,MNO,48S
247,MNO,48S
248,MNO,48S
249,MNO,48S
250,MNO,48S
251,MNO,48S
252,MNO,48S
253,MNO,48S
254,MNO,48S
255,MNO,48S
256,MNO,48S
257,MNO,48S
258,MNO,48S
259,MNO,48S
260,MNO,48S
261,MNO,48S
262,MNO,48S
263,MNO,48S
264,MNO,48S
265,MNO,48S
266,MNO,48S
267,MNO,48S
268,MNO,48S
269,MNO,48S
270,MNO,48S
271,MNO,48S
272,MNO,48S
273,MNO,48S
274,MNO,48S
275,MNO,48S
276,MNO,48S
277,MNO,48S
278,MNO,48S
279,MNO,48S
280,MNO,48S
281,MNO,48S
282,MNO,48S
283,MNO,48S
284,MNO,48S
285,MNO,48S
286,JKL,47S
287,JKL,47S
288,MNO,48S
289,MNO,48S
290,MNO,48S
291,MNO,48S
292,MNO,48S
293,MNO,48S
294,MNO,48S
295,MNO,48S
296,MNO,48S
297,MNO,48S
298,MNO,48S
299,MNO,48S
300,MNO,48S
301,MNO,48S
302,MNO,48S
303,MNO,48S
304,MNO,48S
305,MNO,48S
306,MNO,48S
307,MNO,48S
308,MNO,48S
309,MNO,48S
310,MNO,48S
311,MNO,48S
312,MNO,48S
313,MNO,48S
314,JKL,47S
315,JKL,47S
316,JKL,47S
317,MNO,48S
318,MNO,48S
319,MNO,48S
320,MNO,48S
321,MNO,48S
322,MNO,48S
323,MNO,48S
324,MNO,48S
325,MNO,48S
326,MNO,48S
327,MNO,48S
328,MNO,48S
329,MNO,48S
330,MNO,48S
331,MNO,48S
332,MNO,48S
333,MNO,48S
334,MNO,48S
335,MNO,48S
336,MNO,48S
337,MNO,48S
338,MNO,48S
339,MNO,48S
340,MNO,48S
341,MNO,48S
342,MNO,48S
343,MNO,48S
344,JKL,47S
345,JKL,47S
346,JKL,47S
347,JKL,47S
348,MNO,48S
349,MNO,48S
350,MNO,48S
351,MNO,48S
352,MNO,48S
353,MNO,48S
354,MNO,48S
355,MNO,48S
356,MNO,48S
357,MNO,48S
358,MNO,48S
359,MNO,48S
360,MNO,48S
361,MNO,48S
362,MNO,48S
363,MNO,48S
364,MNO,48S
365,MNO,48S
366,MNO,48S
367,MNO,48S
368,MNO,48S
369,MNO,48S
370,MNO,48S
371,MNO,48S
372,MNO,48S
373,MNO,48S
374,MNO,48S
375,JKL,47S
376,JKL,47S
377,JKL,47S
378,JKL,47S
379,MNO,48S
380,MNO,48S
381,MNO,48S
382,MNO,48S
383,MNO,48S
384,MNO,48S
385,MNO,48S
386,MNO,48S
387,MNO,48S
388,MNO,48S
389,MNO,48S
390,MNO,48S
391,MNO,48S
392,MNO,48S
393,MNO,48S
394,MNO,48S
395,MNO,48S
396,MNO,48S
397,MNO,48S
398,MNO,48S
399,MNO,48S
400,MNO,48S
401,MNO,48S
402,MNO,48S
403,MNO,48S
404,MNO,48S
405,MNO,48S
406,JKL,47S
407,JKL,47S
408,JKL,47S
409,JKL,47S
410,JKL,47S
411,MNO,48S
412,MNO,48S
413,MNO,48S
414,MNO,48S
415,MNO,48S
416,MNO,48S
417,MNO,48S
418,MNO,48S
419,MNO,48S
420,MNO,48S
421,MNO,48S
422,MNO,48S
423,MNO,48S
424,MNO,48S
425,MNO,48S
426,MNO,48S
427,MNO,48S
428,MNO,48S
429,MNO,48S
430,MNO,48S
431,MNO,48S
432,MNO,48S
433,MNO,48S
434,MNO,48S
435,MNO,48S
436,JKL,47S
437,JKL,47S
438,JKL,47S
439,JKL,47S
440,JKL,47S
441,JKL,47S
442,MNO,48S
443,MNO,48S
444,MNO,48S
445,MNO,48S
446,MNO,48S
447,MNO,48S
448,MNO,48S
449,MNO,48S
450,MNO,48S
451,MNO,48S
452,MNO,48S
453,MNO,48S
454,MNO,48S
455,MNO,48S
456,MNO,48S
457,MNO,48S
458,MNO,48S
459,MNO,48S
460,MNO,48S
461,MNO,48S
462,MNO,48S
463,MNO,48S
464,MNO,48S
465,MNO,48S
466,MNO,48S
467,JKL,47S
468,JKL,47S
469,JKL,47S
470,JKL,47S
471,JKL,47S
472,JKL,47S
473,JKL,47S
474,MNO,48S
475,MNO,48S
476,MNO,48S
477,MNO,48S
478,MNO,48S
479,MNO,48S
480,MNO,48S
481,MNO,48S
482,MNO,48S
483,MNO,48S
484,MNO,48S
485,MNO,48S
486,MNO,48S
487,MNO,48S
488,MNO,48S
489,MNO,48S
490,MNO,48S
491,MNO,48S
492,MNO,48S
493,MNO,48S
494,MNO,48S
495,MNO,48S
496,MNO,48S
497,MNO,48S
498,JKL,47S
499,JKL,47S
500,JKL,47S
501,JKL,47S
502,JKL,47S
503,JKL,47S
504,JKL,47S
505,JKL,47S
506,MNO,48S
507,MNO,48S
508,MNO,48S
509,MNO,48S
510,MNO,48S
511,MNO,48S
512,MNO,48S
513,MNO,48S
514,MNO,48S
515,MNO,48S
516,MNO,48S
517,MNO,48S
518,MNO,48S
519,MNO,48S
520,MNO,48S
521,MNO,48S
522,MNO,48S
523,MNO,48S
524,MNO,48S
525,MNO,48S
526,MNO,48S
527,MNO,48S
528,MNO,48S
529,MNO,48S
530,JKL,47S
531,JKL,47S
532,JKL,47S
533,JKL,47S
534,JKL,47S
535,JKL,47S
536,JKL,47S
537,JKL,47S
538,MNO,48S
539,MNO,48S
540,MNO,48S
541,MNO,48S
542,MNO,48S
543,MNO,48S
544,MNO,48S
545,MNO,48S
546,MNO,48S
547,MNO,48S
548,MNO,48S
549,MNO,48S
550,MNO,48S
551,MNO,48S
552,MNO,48S
553,MNO,48S
554,MNO,48S
555,MNO,48S
556,MNO,48S
557,MNO,48S
558,JKL,47S
559,JKL,47S
560,JKL,47S
561,JKL,47S
562,JKL,47S
563,JKL,47S
564,JKL,47S
565,JKL,47S
566,MNO,48S
567,MNO,48S
568,MNO,48S
569,MNO,48S
570,MNO,48S
571,MNO,48S
572,MNO,48S
573,MNO,48S
574,MNO,48S
575,MNO,48S
576,MNO,48S
577,MNO,48S
578,MNO,48S
579,MNO,48S
580,MNO,48S
581,MNO,48S
582,MNO,48S
583,MNO,48S
584,MNO,48S
585,MNO,48S
586,JKL,47S
587,JKL,47S
588,JKL,47S
589,JKL,47S
590,JKL,47S
591,JKL,47S
592,JKL,47S
593,JKL,47S
594,MNO,48S
595,MNO,48S
596,MNO,48S
597,MNO,48S
598,MNO,48S
599,MNO,48S
600,MNO,48S
601,MNO,48S
602,MNO,48S
603,MNO,48S
604,MNO,48S
605,MNO,48S
606,MNO,48S
607,MNO,48S
608,MNO,48S
609,MNO,48S
610,MNO,48S
611,MNO,48S
612,JKL,47S
613,JKL,47S
614,JKL,47S
615,JKL,47S
616,JKL,47S
617,JKL,47S
618,JKL,47S
619,JKL,47S
620,JKL,47S
621,MNO,48S
622,MNO,48S
623,MNO,48S
624,MNO,48S
625,MNO,48S
626,MNO,48S
627,MNO,48S
628,MNO,48S
629,MNO,48S
630,MNO,48S
631,MNO,48S
632,MNO,48S
633,MNO,48S
634,MNO,48S
635,MNO,48S
636,MNO,48S
637,MNO,48S
638,JKL,47S
639,JKL,47S
640,JKL,47S
641,JKL,47S
642,JKL,47S
643,JKL,47S
644,JKL,47S
645,JKL,47S
646,JKL,47S
647,JKL,47S
648,MNO,48S
649,MNO,48S
650,MNO,48S
651,MNO,48S
652,MNO,48S
653,MNO,48S
654,MNO,48S
655,MNO,48S
656,MNO,48S
657,MNO,48S
658,MNO,48S
659,MNO,48S
660,MNO,48S
661,MNO,48S
662,MNO,48S
663,MNO,48S
664,MNO,48S
665,JKL,47S
666,JKL,47S
667,JKL,47S
668,JKL,47S
669,JKL,47S
670,JKL,47S
671,JKL,47S
672,JKL,47S
673,JKL,47S
674,JKL,47S
675,MNO,48S
676,MNO,48S
677,MNO,48S
678,MNO,48S
679,MNO,48S
680,MNO,48S
681,MNO,48S
682,MNO,48S
683,MNO,48S
684,MNO,48S
685,MNO,48S
686,MNO,48S
687,MNO,48S
688,MNO,48S
689,MNO,48S
690,MNO,48S
691,MNO,48S
692,JKL,47S
693,JKL,47S
694,JKL,47S
695,JKL,47S
696,JKL,47S
697,JKL,47S
698,JKL,47S
699,JKL,47S
700,JKL,47S
701,JKL,47S
702,JKL,47S
703,MNO,48S
704,MNO,48S
705,MNO,48S
706,MNO,48S
707,MNO,48S
708,MNO,48S
709,MNO,48S
710,MNO,48S
711,MNO,48S
712,MNO,48S
713,MNO,48S
714,MNO,48S
715,MNO,48S
716,MNO,48S
717,MNO,48S
718,MNO,48S
719,MNO,48S
720,JKL,47S
721,JKL,47S
722,JKL,47S
723,JKL,47S
724,JKL,47S
725,JKL,47S
726,JKL,47S
727,JKL,47S
728,JKL,47S
729,JKL,47S
730,JKL,47S
731,MNO,48S
732,MNO,48S
733,MNO,48S
734,MNO,48S
735,MNO,48S
736,MNO,48S
737,MNO,48S
738,MNO,48S
739,MNO,48S
740,MNO,48S
741,MNO,48S
742,MNO,48S
743,MNO,48S
744,MNO,48S
745,MNO,48S
746,MNO,48S
747,JKL,47S
748,JKL,47S
749,JKL,47S
750,JKL,47S
751,JKL,47S
752,JKL,47S
753,JKL,47S
754,JKL,47S
755,JKL,47S
756,JKL,47S
757,JKL,47S
758,MNO,48S
759,MNO,48S
760,MNO,48S
761,MNO,48S
762,MNO,48S
763,MNO,48S
764,MNO,48S
765,MNO,48S
766,MNO,48S
767,MNO,48S
768,MNO,48S
769,MNO,48S
770,MNO,48S
771,MNO,48S
772,MNO,48S
773,MNO,48S
774,JKL,47S
775,JKL,47S
776,JKL,47S
777,JKL,47S
778,JKL,47S
779,JKL,47S
780,JKL,47S
781,JKL,47S
782,JKL,47S
783,JKL,47S
784,JKL,47S
785,JKL,47S
786,MNO,48S
787,MNO,48S
788,MNO,48S
789,MNO,48S
790,MNO,48S
791,MNO,48S
792,MNO,48S
793,MNO,48S
794,MNO,48S
795,MNO,48S
796,MNO,48S
797,JKL,47S
798,JKL,47S
799,JKL,47S
800,JKL,47S
801,JKL,47S
802,JKL,47S
803,JKL,47S
804,JKL,47S
805,JKL,47S
806,JKL,47S
807,JKL,47S
808,JKL,47S
809,JKL,47S
810,MNO,48S
811,MNO,48S
812,MNO,48S
813,MNO,48S
814,MNO,48S
815,MNO,48S
816,MNO,48S
817,MNO,48S
818,MNO,48S
819,MNO,48S
820,JKL,47S
821,JKL,47S
822,JKL,47S
823,JKL,47S
824,JKL,47S
825,JKL,47S
826,JKL,47S
827,JKL,47S
828,JKL,47S
829,JKL,47S
830,JKL,47S
831,JKL,47S
832,JKL,47S
833,JKL,47S
834,MNO,48S
835,MNO,48S
836,MNO,48S
837,MNO,48S
838,MNO,48S
839,MNO,48S
840,MNO,48S
841,MNO,48S
842,MNO,48S
843,MNO,48S
844,JKL,47S
845,JKL,47S
846,JKL,47S
847,JKL,47S
848,JKL,47S
849,JKL,47S
850,JKL,47S
851,JKL,47S
852,JKL,47S
853,JKL,47S
854,JKL,47S
855,JKL,47S
856,JKL,47S
857,JKL,47S
858,JKL,47S
859,MNO,48S
860,MNO,48S
861,MNO,48S
862,MNO,48S
863,MNO,48S
864,MNO,48S
865,MNO,48S
866,MNO,48S
867,MNO,48S
868,MNO,48S
869,JKL,47S
870,JKL,47S
871,JKL,47S
872,JKL,47S
873,JKL,47S
874,JKL,47S
875,JKL,47S
876,JKL,47S
877,JKL,47S
878,JKL,47S
879,JKL,47S
880,JKL,47S
881,JKL,47S
882,JKL,47S
883,JKL,47S
884,MNO,48S
885,MNO,48S
886,MNO,48S
887,MNO,48S
888,MNO,48S
889,MNO,48S
890,MNO,48S
891,MNO,48S
892,MNO,48S
893,MNO,48S
894,JKL,47S
895,JKL,47S
896,JKL,47S
897,JKL,47S
898,JKL,47S
899,JKL,47S
900,JKL,47S
901,JKL,47S
902,JKL,47S
903,JKL,47S
904,JKL,47S
905,JKL,47S
906,JKL,47S
907,JKL,47S
908,JKL,47S
909,JKL,47S
910,MNO,48S
911,MNO,48S
912,MNO,48S
913,MNO,48S
914,MNO,48S
915,MNO,48S
916,MNO,48S
917,MNO,48S
918,MNO,48S
919,MNO,48S
920,MNO,48S
921,MNO,48S
922,DEF,47N
923,DEF,47N
924,DEF,47N
925,DEF,47N
926,DEF,47N
927,DEF,47N
928,DEF,47N
929,DEF,47N
930,DEF,47N
931,DEF,47N
932,DEF,47N
933,DEF,47N
934,DEF,47N
935,DEF,47N
936,DEF,47N
937,DEF,47N
938,DEF,47N
939,DEF,47N
940,GHI,48N
941,GHI,48N
942,GHI,48N
943,GHI,48N
944,GHI,48N
945,GHI,48N
946,GHI,48N
947,GHI,48N
948,GHI,48N
949,GHI,48N
950,GHI,48N
951,GHI,48N
952,DEF,47N
953,DEF,47N
954,DEF,47N
955,DEF,47N
956,DEF,47N
957,DEF,47N
958,DEF,47N
959,DEF,47N
960,DEF,47N
961,DEF,47N
962,DEF,47N
963,DEF,47N
964,DEF,47N
965,DEF,47N
966,DEF,47N
967,DEF,47N
968,DEF,47N
969,DEF,47N
970,DEF,47N
971,GHI,48N
972,GHI,48N
973,GHI,48N
974,GHI,48N
975,GHI,48N
976,GHI,48N
977,GHI,48N
978,GHI,48N
979,GHI,48N
980,GHI,48N
981,GHI,48N
982,GHI,48N
983,DEF,47N
984,DEF,47N
985,DEF,47N
986,DEF,47N
987,DEF,47N
988,DEF,47N
989,DEF,47N
990,DEF,47N
991,DEF,47N
992,DEF,47N
993,DEF,47N
994,DEF,47N
995,DEF,47N
996,DEF,47N
997,DEF,47N
998,DEF,47N
999,DEF,47N
1000,DEF,47N
1001,DEF,47N
1002,GHI,48N
1003,GHI,48N
1004,GHI,48N
1005,GHI,48N
1006,GHI,48N
1007,GHI,48N
1008,GHI,48N
1009,GHI,48N
1010,GHI,48N
1011,GHI,48N
1012,GHI,48N
1013,GHI,48N
1014,DEF,47N
1015,DEF,47N
1016,DEF,47N
1017,DEF,47N
1018,DEF,47N
1019,DEF,47N
1020,DEF,47N
1021,DEF,47N
1022,DEF,47N
1023,DEF,47N
1024,DEF,47N
1025,DEF,47N
1026,DEF,47N
1027,DEF,47N
1028,DEF,47N
1029,DEF,47N
1030,DEF,47N
1031,DEF,47N
1032,DEF,47N
1033,DEF,47N
1034,GHI,48N
1035,GHI,48N
1036,GHI,48N
1037,GHI,48N
1038,GHI,48N
1039,GHI,48N
1040,GHI,48N
1041,GHI,48N
1042,GHI,48N
1043,GHI,48N
1044,DEF,47N
1045,DEF,47N
1046,DEF,47N
1047,DEF,47N
1048,DEF,47N
1049,DEF,47N
1050,DEF,47N
1051,DEF,47N
1052,DEF,47N
1053,DEF,47N
1054,DEF,47N
1055,DEF,47N
1056,DEF,47N
1057,DEF,47N
1058,DEF,47N
1059,DEF,47N
1060,DEF,47N
1061,DEF,47N
1062,DEF,47N
1063,DEF,47N
1064,GHI,48N
1065,GHI,48N
1066,GHI,48N
1067,GHI,48N
1068,GHI,48N
1069,GHI,48N
1070,GHI,48N
1071,DEF,47N
1072,DEF,47N
1073,DEF,47N
1074,DEF,47N
1075,DEF,47N
1076,DEF,47N
1077,DEF,47N
1078,DEF,47N
1079,DEF,47N
1080,DEF,47N
1081,DEF,47N
1082,DEF,47N
1083,DEF,47N
1084,DEF,47N
1085,DEF,47N
1086,DEF,47N
1087,DEF,47N
1088,DEF,47N
1089,DEF,47N
1090,DEF,47N
1091,GHI,48N
1092,GHI,48N
1093,GHI,48N
1094,GHI,48N
1095,DEF,47N
1096,DEF,47N
1097,DEF,47N
1098,DEF,47N
1099,DEF,47N
1100,DEF,47N
1101,DEF,47N
1102,DEF,47N
1103,DEF,47N
1104,DEF,47N
1105,DEF,47N
1106,DEF,47N
1107,DEF,47N
1108,DEF,47N
1109,DEF,47N
1110,DEF,47N
1111,DEF,47N
1112,DEF,47N
1113,DEF,47N
1114,DEF,47N
1115,DEF,47N
1116,GHI,48N
1117,GHI,48N
1118,GHI,48N
1119,DEF,47N
1120,DEF,47N
1121,DEF,47N
1122,DEF,47N
1123,DEF,47N
1124,DEF,47N
1125,DEF,47N
1126,DEF,47N
1127,DEF,47N
1128,DEF,47N
1129,DEF,47N
1130,DEF,47N
1131,DEF,47N
1132,DEF,47N
1133,DEF,47N
1134,DEF,47N
1135,DEF,47N
1136,DEF,47N
1137,DEF,47N
1138,DEF,47N
1139,DEF,47N
1140,GHI,48N
1141,GHI,48N
1142,DEF,47N
1143,DEF,47N
1144,DEF,47N
1145,DEF,47N
1146,DEF,47N
1147,DEF,47N
1148,DEF,47N
1149,DEF,47N
1150,DEF,47N
1151,DEF,47N
1152,DEF,47N
1153,DEF,47N
1154,DEF,47N
1155,DEF,47N
1156,DEF,47N
1157,DEF,47N
1158,DEF,47N
1159,DEF,47N
1160,DEF,47N
1161,DEF,47N
1162,DEF,47N
1163,GHI,48N
1164,GHI,48N
1165,DEF,47N
1166,DEF,47N
1167,DEF,47N
1168,DEF,47N
1169,DEF,47N
1170,DEF,47N
1171,DEF,47N
1172,DEF,47N
1173,DEF,47N
1174,DEF,47N
1175,DEF,47N
1176,DEF,47N
1177,DEF,47N
1178,DEF,47N
1179,DEF,47N
1180,DEF,47N
1181,DEF,47N
1182,DEF,47N
1183,DEF,47N
1184,DEF,47N
1185,DEF,47N
1186,DEF,47N
1187,GHI,48N
1188,DEF,47N
1189,DEF,47N
1190,DEF,47N
1191,DEF,47N
1192,DEF,47N
1193,DEF,47N
1194,DEF,47N
1195,DEF,47N
1196,DEF,47N
1197,DEF,47N
1198,DEF,47N
1199,DEF,47N
1200,DEF,47N
1201,DEF,47N
1202,DEF,47N
1203,DEF,47N
1204,DEF,47N
1205,DEF,47N
1206,DEF,47N
1207,DEF,47N
1208,DEF,47N
1209,DEF,47N
1210,DEF,47N
1211,DEF,47N
1212,DEF,47N
1213,DEF,47N
1214,DEF,47N
1215,DEF,47N
1216,DEF,47N
1217,DEF,47N
1218,DEF,47N
1219,DEF,47N
1220,DEF,47N
1221,DEF,47N
1222,DEF,47N
1223,DEF,47N
1224,DEF,47N
1225,DEF,47N
1226,DEF,47N
1227,DEF,47N
1228,DEF,47N
1229,DEF,47N
1230,DEF,47N
1231,DEF,47N
1232,DEF,47N
1233,DEF,47N
1234,DEF,47N
1235,DEF,47N
1236,DEF,47N
1237,DEF,47N
1238,DEF,47N
1239,DEF,47N
1240,DEF,47N
1241,DEF,47N
1242,DEF,47N
1243,DEF,47N
1244,DEF,47N
1245,DEF,47N
1246,DEF,47N
1247,DEF,47N
1248,DEF,47N
1249,DEF,47N
1250,DEF,47N
1251,DEF,47N
1252,DEF,47N
1253,DEF,47N
1254,DEF,47N
1255,DEF,47N
1256,DEF,47N
1257,DEF,47N
1258,DEF,47N
1259,DEF,47N
1260,DEF,47N
1261,DEF,47N
1262,DEF,47N
1263,DEF,47N
1264,DEF,47N
1265,DEF,47N
1266,DEF,47N
1267,DEF,47N
1268,DEF,47N
1269,DEF,47N
1270,DEF,47N
1271,DEF,47N
1272,DEF,47N
1273,DEF,47N
1274,DEF,47N
1275,DEF,47N
1276,DEF,47N
1277,DEF,47N
1278,DEF,47N
1279,DEF,47N
1280,DEF,47N
1281,DEF,47N
1282,DEF,47N
1283,DEF,47N
1284,DEF,47N
1285,DEF,47N
1286,DEF,47N
1287,DEF,47N
1288,DEF,47N
1289,DEF,47N
1290,DEF,47N
1291,DEF,47N
1292,DEF,47N
1293,DEF,47N
1294,DEF,47N
1295,DEF,47N
1296,DEF,47N
1297,DEF,47N
1298,DEF,47N
1299,DEF,47N
1300,DEF,47N
1301,DEF,47N
1302,DEF,47N
1303,DEF,47N
1304,DEF,47N
1305,DEF,47N
1306,DEF,47N
1307,DEF,47N
1308,DEF,47N
1309,DEF,47N
1310,DEF,47N
1311,DEF,47N
1312,DEF,47N
1313,DEF,47N
1314,DEF,47N
1315,DEF,47N
1316,DEF,47N
1317,DEF,47N
1318,DEF,47N
1319,DEF,47N
1320,DEF,47N
1321,DEF,47N
1322,DEF,47N
1323,DEF,47N
1324,DEF,47N
1325,DEF,47N
1326,DEF,47N
1327,DEF,47N
1328,DEF,47N
1329,DEF,47N
1330,DEF,47N
1331,DEF,47N
1332,DEF,47N
1333,DEF,47N
1334,DEF,47N
1335,DEF,47N
1336,DEF,47N
1337,DEF,47N
1338,DEF,47N
1339,DEF,47N
1340,DEF,47N
1341,DEF,47N
1342,DEF,47N
1343,DEF,47N
1344,DEF,47N
1345,DEF,47N
1346,DEF,47N
1347,DEF,47N
1348,DEF,47N
1349,DEF,47N
1350,DEF,47N
1351,DEF,47N
1352,DEF,47N
1353,DEF,47N
1354,DEF,47N
1355,DEF,47N
1356,DEF,47N
1357,DEF,47N
1358,DEF,47N
1359,DEF,47N
1360,DEF,47N
1361,DEF,47N
1362,DEF,47N
1363,DEF,47N
1364,DEF,47N
1365,DEF,47N
1366,DEF,47N
1367,DEF,47N
1368,DEF,47N
1369,DEF,47N
1370,DEF,47N
1371,DEF,47N
1372,DEF,47N
1373,DEF,47N
1374,DEF,47N
1375,DEF,47N
1376,DEF,47N
1377,DEF,47N
1378,DEF,47N
1379,DEF,47N
1380,DEF,47N
1381,DEF,47N
1382,DEF,47N
1383,DEF,47N
1384,DEF,47N
1385,DEF,47N
1386,DEF,47N
1387,DEF,47N
1388,DEF,47N
1389,DEF,47N
1390,DEF,47N
1391,DEF,47N
1392,DEF,47N
1393,DEF,47N
1394,DEF,47N
1395,DEF,47N
1396,DEF,47N
1397,DEF,47N
1398,DEF,47N
1399,DEF,47N
1400,DEF,47N
1401,DEF,47N
1402,DEF,47N
1403,DEF,47N
1404,DEF,47N
1405,DEF,47N
1406,DEF,47N
1407,DEF,47N
1408,DEF,47N
1409,DEF,47N
1410,DEF,47N
1411,DEF,47N
1412,DEF,47N
1413,DEF,47N
1414,DEF,47N
1415,DEF,47N
1416,DEF,47N
1417,DEF,47N
1418,DEF,47N
1419,DEF,47N
1420,DEF,47N
1421,DEF,47N
1422,DEF,47N
1423,DEF,47N
1424,DEF,47N
1425,DEF,47N
1426,DEF,47N
1427,DEF,47N
1428,DEF,47N
1429,DEF,47N
1430,DEF,47N
1431,DEF,47N
1432,DEF,47N
1433,DEF,47N
1434,DEF,47N
1435,DEF,47N
1436,DEF,47N
1437,DEF,47N
1438,DEF,47N
1439,DEF,47N
1440,DEF,47N
1441,DEF,47N
1442,DEF,47N
1443,DEF,47N
1444,DEF,47N
1445,DEF,47N
1446,DEF,47N
1447,DEF,47N
1448,DEF,47N
1449,DEF,47N
1450,DEF,47N
1451,DEF,47N
1452,DEF,47N
1453,DEF,47N
1454,DEF,47N
1455,DEF,47N
1456,DEF,47N
1457,DEF,47N
1458,DEF,47N
1459,DEF,47N
1460,DEF,47N
1461,DEF,47N
1462,DEF,47N
1463,DEF,47N
1464,DEF,47N
1465,DEF,47N
1466,DEF,47N
1467,DEF,47N
1468,DEF,47N
1469,DEF,47N
1470,DEF,47N
1471,DEF,47N
1472,DEF,47N
1473,DEF,47N
1474,DEF,47N
1475,DEF,47N
1476,DEF,47N
1477,DEF,47N
1478,DEF,47N
1479,DEF,47N
1480,DEF,47N
1481,DEF,47N
1482,DEF,47N
1483,DEF,47N
1484,DEF,47N
1485,DEF,47N
1486,DEF,47N
1487,DEF,47N
1488,DEF,47N
1489,DEF,47N
1490,DEF,47N
1491,DEF,47N
1492,DEF,47N
1493,DEF,47N
1494,DEF,47N
1495,DEF,47N
1496,DEF,47N
1497,DEF,47N
1498,DEF,47N
1499,DEF,47N
1500,DEF,47N
1501,DEF,47N
1502,DEF,47N
1503,DEF,47N
1504,DEF,47N
1505,DEF,47N
1506,ABC,46N
1507,DEF,47N
1508,DEF,47N
1509,DEF,47N
1510,DEF,47N
1511,DEF,47N
1512,DEF,47N
1513,DEF,47N
1514,DEF,47N
1515,DEF,47N
1516,DEF,47N
1517,DEF,47N
1518,DEF,47N
1519,DEF,47N
1520,DEF,47N
1521,DEF,47N
1522,ABC,46N
1523,ABC,46N
1524,DEF,47N
1525,DEF,47N
1526,DEF,47N
1527,DEF,47N
1528,DEF,47N
1529,DEF,47N
1530,DEF,47N
1531,DEF,47N
1532,DEF,47N
1533,DEF,47N
1534,DEF,47N
1535,DEF,47N
1536,DEF,47N
1537,DEF,47N
1538,DEF,47N
1539,ABC,46N
1540,ABC,46N
1541,ABC,46N
1542,DEF,47N
1543,DEF,47N
1544,DEF,47N
1545,DEF,47N
1546,DEF,47N
1547,DEF,47N
1548,DEF,47N
1549,DEF,47N
1550,DEF,47N
1551,DEF,47N
1552,DEF,47N
1553,DEF,47N
1554,DEF,47N
1555,DEF,47N
1556,DEF,47N
1557,ABC,46N
1558,ABC,46N
1559,ABC,46N
1560,ABC,46N
1561,DEF,47N
1562,DEF,47N
1563,DEF,47N
1564,DEF,47N
1565,DEF,47N
1566,DEF,47N
1567,DEF,47N
1568,DEF,47N
1569,DEF,47N
1570,DEF,47N
1571,DEF,47N
1572,DEF,47N
1573,DEF,47N
1574,ABC,46N
1575,ABC,46N
1576,ABC,46N
1577,ABC,46N
1578,ABC,46N
1579,DEF,47N
1580,DEF,47N
1581,DEF,47N
1582,DEF,47N
1583,DEF,47N
1584,DEF,47N
1585,DEF,47N
1586,DEF,47N
1587,DEF,47N
1588,DEF,47N
1589,DEF,47N
1590,DEF,47N
1591,DEF,47N
1592,ABC,46N
1593,ABC,46N
1594,ABC,46N
1595,ABC,46N
1596,ABC,46N
1597,DEF,47N
1598,DEF,47N
1599,DEF,47N
1600,DEF,47N
1601,DEF,47N
1602,DEF,47N
1603,DEF,47N
1604,DEF,47N
1605,DEF,47N
1606,DEF,47N
1607,DEF,47N
1608,DEF,47N
1609,ABC,46N
1610,ABC,46N
1611,ABC,46N
1612,ABC,46N
1613,ABC,46N
1614,ABC,46N
1615,DEF,47N
1616,DEF,47N
1617,DEF,47N
1618,DEF,47N
1619,DEF,47N
1620,DEF,47N
1621,DEF,47N
1622,DEF,47N
1623,DEF,47N
1624,DEF,47N
1625,DEF,47N
1626,ABC,46N
1627,ABC,46N
1628,ABC,46N
1629,ABC,46N
1630,ABC,46N
1631,ABC,46N
1632,DEF,47N
1633,DEF,47N
1634,DEF,47N
1635,DEF,47N
1636,DEF,47N
1637,DEF,47N
1638,DEF,47N
1639,ABC,46N
1640,ABC,46N
1641,ABC,46N
1642,ABC,46N
1643,ABC,46N
1644,ABC,46N
1645,ABC,46N
1646,ABC,46N
1647,ABC,46N
1648,ABC,46N
1649,ABC,46N
